Company Name,Website Link
AICI (AGENCE INTERNATIONALE DE COMMERCIALISATION IMMOBILIERE),http:\/\/www.aici.ci
AKIDOM IMMOBILIER,https:\/\/www.akidomimmo.com\/
TSCI IMMOBILIER GROUP (TOUS SERVICES COMPANY IMMOBILIERE GROUP),https:\/\/ts-ci.com\/
GROUPE EZIP SARL,https:\/\/www.ezipimmo.com\/
A2K IMMOBILIER,http:\/\/www.a2kimmobilier.ci
EBI GROUP,https:\/\/ebi-group.ci\/
LE NEGOCIATEUR IMMOBILIER,https:\/\/www.lenegociateurimmobilier.ci\/vente
OPTIMUM IMMOBILIER,https:\/\/optimum-immo-abidjan.com\/
PROPERTY IMMOBILIER,http:\/\/www.property-immobilier.net
SANDRA K IMMOBILIER ET SERVICES,https:\/\/sandrakimmo.com\/
SOGETIM (SOCIETE DE GESTION ET DE TRANSACTION IMMOBILIERE),https:\/\/sogetim.wordpress.com\/
YEMINI SERVICES,https:\/\/www.yeminiservices.com
AFRIMMO Sarl,http:\/\/www.afrimmo-ci.com
EKO IMMOBILIER HOLDING,https:\/\/eko-immobilier.com\/
AGIM-CI,https:\/\/agim-ci.com\/
ADDOHA COTE D'IVOIRE,https:\/\/addoha.ci\/
AGEMA (ASSISTANCE GESTION MARKETING),http:\/\/www.agema-immobilier.com
AGIRE GROUP,http:\/\/www.agiregroup.com
ALERTE-FONCIER SARL,http:\/\/www.alertefoncier.ci
ALLIANCES COTE D'IVOIRE,http:\/\/www.alliances.co.ma
ALLO IMMO,http:\/\/alloimmo.ci\/
ARCHE ENTREPRISE GROUP,https:\/\/arche-enterprisegroup.com
ASCA IMMOBILIER & SERVICES,https:\/\/www.ascaimmoserv.com\/fr\/
ASSOSERVICES,https:\/\/www.assoservices.ci\/
AYUF Sarl,http:\/\/www.ayuf.net
B.COM.S,http:\/\/bcoms.pro\/#
BAFCI IMMOBILIER SERVICES,https:\/\/www.bafci.ci\/?fbclid=IwAR0HUuGuCXGPy-vF5-R59saeDBTU4-45eOB-fNg-UL6-OBq_OnFXpuegwrs
BATIM COTE D'IVOIRE,http:\/\/www.batim.com
BATIRICI,http:\/\/batirici-immobilier.com
BEREKIA SARL,https:\/\/www.berekiaci.com\/
BINKO ET ASSOCIES,http:\/\/www.binkoassocies.com\/
BITE Sarl (BUILDING AND INNOVATION TECHNOLOGY ENTERPRISE),http:\/\/www.biteci.com
BOYOOT IMMOBILIER,https:\/\/www.boyootimmobilier.com\/
BR IMMOBILIER,http:\/\/www.br-immobilier.ci
BRANDON ET MCAIN,http:\/\/www.brandonmcain.com
BYRA COMPANY,https:\/\/byracompany.com\/
CABINET JULYS,http:\/\/www.semi-immobilier.com
CAROLINE IMMOBILIER,http:\/\/www.carolineimmo.com
CEGEX IMMOBILIER,http:\/\/www.cegeximmo.com
CH-AFRICA (CABINET HOMELAND AFRICA),http:\/\/www.ch-africa.com
COBAGEC SARL,http:\/\/www.cobagec.com\/
DAMAC (KOFIDIS-HOLDING S.A),http:\/\/www.damacproperties.com
DG BAT 7,https:\/\/dgbat7.com\/
DIEZ IMMOBILIER,https:\/\/diezconnection.com\/
EICS (ENTREPRISE IVOIRIENNE DE CONSTRUCTION ET DE SERVICES),http:\/\/www.eics.ci
EOX-CI,http:\/\/eoxci-nouvelle.com\/
ESKIMMO IMMOBILIER,https:\/\/agisarl.com\/eskimmo
ETRASEF SARL,http:\/\/www.etrasef.com
EYO CONSTRUCTION,http:\/\/www.eyosarl.com
FINESSE IMMOBILIER,https:\/\/finesseimmobilier.com\/
FirstClass Immobilier,http:\/\/www.firstclassimmo.com
GEM IMMOBILIER,http:\/\/www.gem-immobilier.info\/
GESTIMO-CI,https:\/\/www.agestimo-ci.com
GF ENTREPRISES,http:\/\/www.gfentreprises.com
GLORY IPACT GROUP,https:\/\/www.gloryimpactgroup.org\/
GOLD SERVICES SARL,http:\/\/www.property-immobilier.net
GRCI (GESTION RATIONNELLE EN COTE D'IVOIRE),http:\/\/www.grci.ci
Groupe Eden Afrique Holding - GEA-H (Gea-Holding Sa),http:\/\/gea-holding.ci
H & A PROPERTIES,http:\/\/www.ha-properties.com
HBND ELITE IMMOBILIER,https:\/\/www.hbnd-eliteimmobilier.com\/
HESTIA IMMOBILIER,https:\/\/www.hestia-ci.com
HOME IMMOBILIER SERVICE,https:\/\/hisagence.com\/
HOUSE PARTNERS,https:\/\/housepartners-ci.com\/
IMCCI (IMMOBILIERE CONSEIL DE COTE D'IVOIRE),http:\/\/agenceimcci.com
IMMO-GM,http:\/\/www.immogm.com
IMMOBILIER IVOIRE,http:\/\/www.immobilier-ivoire.com
IMMOBILIER LCI,http:\/\/www.immobilier-lci.com
IMMOBILIER PLUS,http:\/\/www.immobilier-plus.net
IMOFORSE,https:\/\/imoforse.com\/
INGENIERIX IMMOBILIER,https:\/\/ingenierix-ci.com\/?fbclid=IwAR0sK6KFZobEbSG7PNjkvEpLpC7aTsVlXzGJd1GftZ0Y--8noFLhYOKkHDs
INOOVIM - GROUPE KAYDAN,http:\/\/citecallisto-bnetd.com
INTER IMMOBILIER-CI (IICI),http:\/\/www.interimmobilier.ci\/
INTERCONFIMO,https:\/\/www.interconfimo.com\/
INTERNATIONAL IMMOBILIER HOLDING,https:\/\/ich-ci.com\/
IREA IMMOBILIER (INTERNATIONAL REAL ESTATE AGENCY),https:\/\/www.ireaconseils.com\/
ISIS SARL,http:\/\/www.isis-immobilier.com
ISMAIL IMMOBILIER,http:\/\/www.ismailimmobilier.com
IVI MARKET,https:\/\/www.ivi-market.com
IVOIRLOGEMENT.COM,http:\/\/www.ivoirlogement.com
ImmOver,https:\/\/www.immover.io\/
JK IMMOBILIER,http:\/\/www.jkimmo.com
JLM IMMOBILIER,https:\/\/jlm-immobilier.com\/
JOELKA PROPERTY MANAGEMENT,https:\/\/joelka-property.com\/
KABOUSS SERVICE,http:\/\/www.kabouss.com
KALIMBA,https:\/\/kalimbaimmobilier.com\/
KLA CONSTRUCTION,https:\/\/klaconstruction.ci\/
KLE IMMOBILIER,http:\/\/www.kleimmobilier.com
KONOR CONSTRUCTION Sarl,http:\/\/www.konorconstructions.com
LES RESIDENCES KOFFI,https:\/\/l.facebook.com\/l.php?u=https%3A%2F%2Flesresidenceskoffi.com%2F%3Ffbclid%3DIwAR1BcANDerPK4-ADnESC4jkXPnpPtgoOUf-eHTXl9a7uwhvD-r8a1lcFVjg&h=AT1eRO7LJadg7zVuKdJXxANzwu-zQMCcKJtgi0QrEO-wORlJU8w40rruDuHFbUOJ8Fcwdhn7xTvJg1XQHZ1uSyh_F7QUdaUZOE5b6jUjOrP3quQ5RYVF5oikIT1PsPN1acbqng
LOCHIE AND LOCHIE,http:\/\/www.facebook.com\/ma
MAM CONSEIL,https:\/\/mam-conseil.com\/
MAYA IMMOBILIER SARL,https:\/\/maya-immobilier.com\/
MD IMMOBILIER,https:\/\/www.mdimmo-ci.com\/fr\/
MGJM,http:\/\/www.immobiliers-mgjm.com
ODIMMO PARTNERS,https:\/\/www.odimmo.com\/
PERFECTOR IMMOBILIER COTE D'IVOIRE,https:\/\/perfectorimmobilier.ci
PERFORMER IMMOBILIER,http:\/\/www.groupeperformer.com
PETRA IMMOBILIER,http:\/\/www.petraltd.com
PIS GROUP,https:\/\/pisgroup-ci.com\/
PLAGES ET LAGUNES,http:\/\/plagesetlagunes.ci
PREFA SARL,http:\/\/www.prefa-immobilier.ci\/contact.php
PREMIUM IMMOBILIER,http:\/\/www.premium-immo.net
RIMPLUS (ROYAL IMMOBILIER PLUS),http:\/\/royal-immobilier.info\/
ROOF,https:\/\/roof.ci\/
SAHCO GROUP,https:\/\/annonce-publicite.blogspot.com
SATISFECIT,http:\/\/satisfecit.immo
SCI DIAMONDS,http:\/\/www.diamonds.ci
SIG GROUP,http:\/\/siggroup-ci.com
SINI PROPERTY,https:\/\/www.siniproperty.com\/
SOCIETE IMMOBILIERE & D'INVESTISSEMENT SAGA INTERNATIONALE,https:\/\/soii-si.com\/
SOGICI (SOCIETE DE GESTION IMMOBILIERE DE COTE D'IVOIRE ),http:\/\/alouerici.com\/
SOMOPLUS,https:\/\/www.somoplus.net\/
THABOR IMMOBILIER,http:\/\/www.thabor-immobilier.fr
TOP IMMO-DESIGN,http:\/\/www.topimmo-design.ci
TWINS IMMOBILIER,http:\/\/www.twins-immobilier.com
VIMMOBILIER,http:\/\/vimmobilier.org\/index.php\/fr
YAPGI IMMOBILIER,http:\/\/www.yapgi-immobilier.com
YIRIMA IMMOBILIER,http:\/\/www.yirimaimmobilier.com
YSYS,http:\/\/www.ysys.global
