Price,Agent,Beds,Baths,Size_m2,Details
222.000.000,RÃ©sidence Riviera Â©,3,3,165.00,Appartement T4 vue ville au 3Ã¨ Ã©tage de la RESIDENCE RIVIERA Ã  la Riviera Bonoumin non loin de Abidjan Mall. cette rÃ©sidence est dotÃ©e dâ€™une piscine Ã  dÃ©bordeme...
150.000.000,Vinci-dsk holding Â©,3,3,174.00,ðŸš¨ðŸš¨ðŸš¨ #BINGERVILLE /FREE WORLD HOTEL Nouvelle promotion immobiliÃ¨re dans une Mini citÃ© de 8villas Duplex Haut standing (4 villas individuelles avec piscine ; 4 ap...
40.000.000,Agence G.CONSTRUCTION Â©,3,3,134.00,"Ã€ 10 minutes dâ€™Abidjan sur la nouvelle autoroute de Dabou, SONGON kessemble: Vous avez des villas basses 4 piÃ¨ces bÃ¢ti sur une surface totale de 230m2. Li..."
280.000.000,Charles Boga,4,4,300.00,PROMOTION IMMOBILIÃˆRE Ã€ BINGERVILLE FRED World Immobilier Ã  la BINGERVILLE villas duplex 5 piÃ¨ces de standing clÃ©s en main caractÃ©ristiques principales : 1 sÃ©jo...
420.000.000,Charles Boga,5,5,400.00,"Vente d, un Duplex de 7 piÃ¨ces de haut standing Ã  Cocody ANGRE Nouveau Chu( citÃ© diaspora) La maison est composÃ©e 5 chambres autonomes,2 salons,une piscine, 2 c..."
160,Yasmine Kone,4,4,200.00,"l1 sâ€™agit de la toute premiÃ¨re rÃ©alisation dâ€™un futur programme immobilier Ã  Abidjan, Ã  Cocody AngrÃ© CHU! Pour seulement 160 O00 000 FCFA (nÃ©gociabl..."
500.000.000,Vinci-dsk holding Â©,5,5,600.00,ðŸš¨ðŸš¨ðŸš¨ #RIVIERA4 Mâ€™BADON Villas duplex de 6 piÃ¨ces sur 600 m2 avec grand jardin et piscine en vente Ã  la Riviera Mâ€™badon dans une citÃ© sÃ©curisÃ©e. Prix de vente :50...
290.000.000,Vinci-dsk holding Â©,4,4,350.00,#RIVIERA4 Mâ€™BADON 2 Villa triplex HAUT STANDING chacune comprenant 6pieces+piscine+jardin+cour+garage DISPONIBLE Ã  la Riviera4 Mâ€™BADON . #EN FINITION #LIVRAISON...
Ã ,Agence OMNICOM Â©,N/A,N/A,33.00,VENEZ SOUSCRIRE A NOTRE PROGRAMME QUI A DÃ‰JÃ€ DÃ‰BUTÃ‰ ET ACHETER VOTRE APPARTEMENT Ã€ PARTIR DE 11 MILLIONS DE FCA POUR LES STUDIOS. Soyez les premiers Ã  rÃ©server...
Ã ,GROUPESANGA,3,2,200.00,"LE GROUPE SANGA, toujours en bonus de la nouvelle annÃ©e. Venez massivement souscrire Ã  LA PHASE 3 DU PROJET OCEAN 2 A MONDOUKOU. NOUS VOUS Y ATTENDONSâ€¦. S..."
800.000.000,,1,2,"2,998.00",un bÃ¢timent R+1 de forme circulaire et un bÃ¢timent annexe a simple rez de chaussÃ©e. Bat : R+1 -Rez de chaussÃ©e : (01) deux piÃ¨ces contenant une terrasse couvert...
A,AUDREY NGANDI â€“ BACID SA,4,3,120.00,"PROGRAMME 4 CITE CARAMBOLIER 150 LOGEMENTS SITUÃ‰E A BINGEVILLE PRES DE LA CITE DES AGENTS DES IMPÃ”TS (RESA-FISC) QUARTIER NOUVELLE-VILLE AGOUAPI, LA CITE EST CO..."
