Company Name,link,scrape
AICI (AGENCE INTERNATIONALE DE COMMERCIALISATION IMMOBILIERE),https://aici.ci/fr,1
AKIDOM IMMOBILIER,https://www.akidomimmo.com//,1
TSCI IMMOBILIER GROUP (TOUS SERVICES COMPANY IMMOBILIERE GROUP),https://ts-ci.com/,1
GROUPE EZIP SARL,https://www.ezipimmo.com/,1
A2K IMMOBILIER,https://www.a2kimmobilier.ci/,1
LE NEGOCIATEUR IMMOBILIER,https://www.lenegociateurimmobilier.ci/nos-offres,1
OPTIMUM IMMOBILIER,https://www.officielimmobilier.net/tous-les-biens,1
SANDRA K IMMOBILIER ET SERVICES,https://sandrakimmo.com/maisons,1
BATIRICI,,1
FINESSE IMMOBILIER,https://finesseimmobilier.com/property/,1
GEM IMMOBILIER,https://www.gem-immobilier.info/offres.php?service=2,1
GESTIMO-CI,https://www.agestimo-ci.com/AllVente,1
H & A PROPERTIES,https://www.ha-properties.com/vente,1
IMMOBILIER PLUS,https://www.immobilier-plus.net/ventes,1
INGENIERIX IMMOBILIER,https://ingenierix-ci.com/offres-immobilieres/,1
ISIS SARL,https://isis-immobilier.com/biens-en-vente,1
JOELKA PROPERTY MANAGEMENT,https://joelka-property.com/en/sales,1
KALIMBA,http://agence168860.aivoni.com/transaction/,1
MAM CONSEIL,https://mam-conseil.com/action/vente/,1
MAYA IMMOBILIER SARL,https://maya-immobilier.com/biens-a-vendre/,1
MD IMMOBILIER,https://www.mdimmo-ci.com/en/sales,1
MGJM,https://www.immobiliers-mgjm.com/,1
PERFECTOR IMMOBILIER COTE D'IVOIRE,https://perfectorimmobilier.ci/,1
ROOF,https://roof.ci/acheter-une-maison-a-ab/,1
SATISFECIT,https://satisfecit.immo/ventes.php,1
SINI PROPERTY,https://www.siniproperty.com//ventes,1
TWINS IMMOBILIER,https://twins-immobilier.com/biens-immobiliers-a-vendre/,1
